<?xml version="1.0" encoding="UTF-8"?>
<jdbcDataSource exportedWithPermissions="true">
    <folder>/datasources</folder>
    <name>Novena_DS</name>
    <version>0</version>
    <label>Novena DS</label>
    <creationDate>2024-02-22T15:49:21.607+03:00</creationDate>
    <updateDate>2024-02-22T15:49:21.607+03:00</updateDate>
    <driver>org.postgresql.Driver</driver>
    <connectionUrl>jdbc:postgresql://localhost:5432/novena_live</connectionUrl>
    <connectionUser>postgres</connectionUser>
    <connectionPassword>ENC&lt;7D60FE6952523FDA6E5B6AE0045C41FD&gt;</connectionPassword>
    <timezone></timezone>
</jdbcDataSource>
